{
  "entry_1": {
    "AT": 143.2,
    "BE": 203.4,
    "CY": 151,
    "CZ": 140.7,
    "DE": 172.9,
    "DK": 211.8,
    "EL": 140.3,
    "ES": 172.9,
    "FI": 211.8,
    "FR": 140.3,
    "HR": 142.6,
    "HU": 212.6,
    "IT": 172.8,
    "LT": 167.6,
    "LU": 134.6,
    "LV": 207.3,
    "MT": 116.1,
    "NL": 173.5,
    "PL": 164.4,
    "PT": 136.8,
    "RO": 226.8,
    "SE": 154.6,
    "SI": 143.1,
    "SK": 175
  },
  "entry_2": {
    "AT": 144.7,
    "BE": 204.4,
    "CY": 153.2,
    "CZ": 140.9,
    "DE": 175.1,
    "DK": 213.9,
    "EL": 139.7,
    "ES": 169.1,
    "FI": 152,
    "FR": 142,
    "HR": 143.2,
    "HU": 217.9,
    "IT": 174.4,
    "LT": 168.4,
    "LU": 134.8,
    "LV": 212.2,
    "MT": 116.3,
    "NL": 175.8,
    "PL": 166.6,
    "PT": 137.2,
    "RO": 233.6,
    "SE": 155.3,
    "SI": 143.7,
    "SK": 177
  },
  "entry_3": {
    "AT": 144.7,
    "BE": 204.9,
    "CY": 152.1,
    "CZ": 140.9,
    "DE": 174.3,
    "DK": 213.9,
    "EL": 140.4,
    "ES": 169.9,
    "FI": 151.9,
    "FR": 142.9,
    "HR": 143.1,
    "HU": 218.2,
    "IT": 174.3,
    "LT": 168.4,
    "LU": 135,
    "LV": 213.4,
    "MT": 116.3,
    "NL": 176.6,
    "PL": 166.7,
    "PT": 137.1,
    "RO": 240.4,
    "SE": 155.3,
    "SI": 143,
    "SK": 177.8
  },
  "entry_4": {
    "AT": null,
    "BE": null,
    "CY": null,
    "CZ": null,
    "DE": null,
    "DK": null,
    "EL": null,
    "ES": null,
    "FI": null,
    "FR": null,
    "HR": null,
    "HU": null,
    "IT": null,
    "LT": null,
    "LU": null,
    "LV": null,
    "MT": null,
    "NL": null,
    "PL": null,
    "PT": null,
    "RO": null,
    "SE": null,
    "SI": null,
    "SK": null
  },
  "entry_5": {
    "AT": null,
    "BE": null,
    "CY": null,
    "CZ": null,
    "DE": null,
    "DK": null,
    "EL": null,
    "ES": null,
    "FI": null,
    "FR": null,
    "HR": null,
    "HU": null,
    "IT": null,
    "LT": null,
    "LU": null,
    "LV": null,
    "MT": null,
    "NL": null,
    "PL": null,
    "PT": null,
    "RO": null,
    "SE": null,
    "SI": null,
    "SK": null
  }
}
