{
  "entry_1": {
    "AT": 14466745,
    "BE": 3527676,
    "CY": 2141254,
    "CZ": 7900944,
    "DE": 43953437,
    "DK": 3171981,
    "EL": null,
    "ES": 52562237,
    "FI": 1619906,
    "FR": 12386699,
    "HR": 10818160,
    "HU": 2181893,
    "IT": 42641212,
    "LT": 659400,
    "LU": 245311,
    "LV": 360779,
    "MT": 935793,
    "NL": 11609092,
    "PL": 7955216,
    "PT": 8776161,
    "RO": 2353025,
    "SE": 4988333,
    "SI": 1806908,
    "SK": 1104772
  },
  "entry_2": {
    "AT": 13882533,
    "BE": 3773228,
    "CY": 2124183,
    "CZ": 8051204,
    "DE": 44049185,
    "DK": 3517535,
    "EL": null,
    "ES": 53348031,
    "FI": 1671401,
    "FR": 10274813,
    "HR": 10763600,
    "HU": 2110698,
    "IT": 43100444,
    "LT": 657926,
    "LU": 271508,
    "LV": 364029,
    "MT": 908215,
    "NL": 12191200,
    "PL": 8187139,
    "PT": 9895993,
    "RO": 2391665,
    "SE": 5090434,
    "SI": 1872191,
    "SK": 1092815
  },
  "entry_3": {
    "AT": 12642181,
    "BE": 3632754,
    "CY": 2172963,
    "CZ": 9464481,
    "DE": 42732414,
    "DK": 3372302,
    "EL": null,
    "ES": 51668412,
    "FI": 1660049,
    "FR": 11321836,
    "HR": 10456798,
    "HU": 2374719,
    "IT": 41921088,
    "LT": 627681,
    "LU": 285748,
    "LV": 332559,
    "MT": 900865,
    "NL": 12021577,
    "PL": 7716468,
    "PT": 9016270,
    "RO": 2356182,
    "SE": 4932633,
    "SI": 1628740,
    "SK": 1029730
  },
  "entry_4": {
    "AT": null,
    "BE": null,
    "CY": null,
    "CZ": null,
    "DE": null,
    "DK": null,
    "EL": null,
    "ES": null,
    "FI": null,
    "FR": null,
    "HR": null,
    "HU": null,
    "IT": null,
    "LT": null,
    "LU": null,
    "LV": null,
    "MT": null,
    "NL": null,
    "PL": null,
    "PT": null,
    "RO": null,
    "SE": null,
    "SI": null,
    "SK": null
  },
  "entry_5": {
    "AT": null,
    "BE": null,
    "CY": null,
    "CZ": null,
    "DE": null,
    "DK": null,
    "EL": null,
    "ES": null,
    "FI": null,
    "FR": null,
    "HR": null,
    "HU": null,
    "IT": null,
    "LT": null,
    "LU": null,
    "LV": null,
    "MT": null,
    "NL": null,
    "PL": null,
    "PT": null,
    "RO": null,
    "SE": null,
    "SI": null,
    "SK": null
  }
}
